[1,["ecpdLyjvZBwrvm+cedCcQy","7c8emnuylNg651/QfrPRO3","c4tnd3GLxH3ruPwwfk4smJ","28yNn0dexFyLQJnIyKm7iO","a2MjXRFdtLlYQ5ouAFv/+R","ceokSb57hPyacdwaYGzTy0","f8mGuen8BKSKqqi955Zb8i","0eezmuoS9OWLkMskPIHGA3","b4hrrG3stL37Ae2m3fIqgs","56du35VexPcLA20oFX4a3O","9b2x7BAWxEZpfRuEJBIsMw","655+snFZ9JZqJ4gN82AntC","a1JsZ64R5AapZdWLcMMg+t","4euPLb6uROmKG/lUafHHIx","74sAIbDbFLrKlpCXSQG+Rx","5ev3H6ck5HEJhaNA+Asswu","dddU4MQ05P9YcIN1F3+udg","153/lD1QpB3rDs/TjyGuKF","43pqspwUxBs53m9sKBHkYY","9fHBITRXdL2IOiQR2V2aFO","77tGpBu/lHkKjnnKq2Y3z1","dcpD7huzZFEIi/D5Ns8hn7","94dYF+hVxKGopRmUQAOHHg","a9Bzbiz8xEEo4T45x4CVMW","07mPUgWFxPeoCRcYjLLlbD","143rF6x39N+bloPDrze4Bu","3aYRvtIQFO54/J0Jl47UWQ","10vHQ0MUVClKVPLfmhlOMJ","98wlTzN/FHIYQ1YwuTcdr7","dc58n/o+hPX7t2yhr26yGX","a8AP+zcDNMpJxjUF097pWW","71FGXmmmlGcIlaLXiquesQ","bfBoycqA5GNY5ueHwnp7uK","f0YAKq5VdPcaenWHES+zkd","5chLQMG7xAtZtm6d7FVQoK","5a0rZCaZFLK7EeQq++dgbc","23+yyenP5DYI3JsXqGNOw1","91UgGVtORFSp2lxfuxuXGm","9doNDVN8xCyYuAisQZjW+v","02delMVqdBD70a/HSD99FK","66vCQwdnVLr5Ei3US7CT0A","f0uuRk9BdGG6OWt/lEPfy8","30n1QrePpD7ZzSXhHfcMlt","26jktMrn1L4qVbjuUHAV3f","da/lI4w4JOaJituO4KkL+/","09Kutrzz1FP6+JikVdTc2K"],["node","_spriteFrame","root","_N$file","_textureSetter","_parent","data","_N$target","target","bestScore","_N$normalSprite","_N$hoverSprite","soundButtonOnSpriteFrame","soundButtonOffSpriteFrame","ringEffectPrefab","particleEffectPrefab","levelUpLabel","blueBall","redBall","Game","replayButton","Newbest","resultScore","currentScore","LevelOnSpriteFrame","LevelOffSpriteFrame","GamePrefab","playButton","Title","scene","backgroundMusic","btnClick"],[["cc.Node",["_name","_active","_groupIndex","_objFlags","_id","_opacity","_prefab","_components","_contentSize","_parent","_trs","_children","_color","_anchorPoint","_eulerAngles"],-3,4,9,5,1,7,2,5,5,5],"cc.SpriteFrame",["cc.Widget",["_alignFlags","_top","_originalWidth","_originalHeight","_right","_bottom","alignMode","_left","node","_target"],-5,1,1],["cc.PrefabInfo",["fileId","root","asset"],2,1,1],["cc.Node",["_name","_active","_opacity","_parent","_components","_prefab","_contentSize","_trs","_color"],0,1,12,4,5,7,5],["cc.Sprite",["_sizeMode","_type","node","_materials","_spriteFrame"],1,1,3,6],["cc.Button",["_N$transition","node","clickEvents","_N$normalColor","_N$pressedColor","_N$disabledColor","_N$target","_N$normalSprite","_N$hoverSprite"],2,1,9,5,5,5,1,6,6],["cc.CircleCollider",["_radius","tag","node"],1,1],["cc.Label",["_string","_fontSize","_lineHeight","_isSystemFontUsed","_N$horizontalAlign","_N$verticalAlign","node","_materials","_N$file"],-3,1,3,6],["cc.LabelOutline",["_width","_enabled","node"],1,1],["cc.Prefab",["_name"],2],["47045QfcPxAqLhdRaNehFmR",["node","centerPos","ringEffectPrefab","particleEffectPrefab"],3,1,8,6,6],["cc.ParticleSystem",["_dstBlendFactor","_custom","totalParticles","duration","emissionRate","lifeVar","angle","angleVar","startSize","startSizeVar","endSize","speed","speedVar","tangentialAccel","endRadius","node","_materials","_startColor","_startColorVar","_endColor","_endColorVar","posVar","gravity","_spriteFrame"],-12,1,3,8,8,8,8,5,5,6],["cc.ClickEvent",["_componentId","handler","target"],1,1],["f92b9nnH8JDuoG6gitqRkwi",["node","redBall","blueBall","center","ballSpawnPos","ballPrefab","levelUpLabel"],3,1,1,1,1,12,3,1],["ba534Gm/7pAVLXYkKhfWoX4",["node","currentScore","LevelProgress","bestScore","resultScore","Newbest","soundButton","replayButton","Game","Result","soundButtonOnSpriteFrame","soundButtonOffSpriteFrame","LevelOnSpriteFrame","LevelOffSpriteFrame","GamePrefab"],3,1,1,2,1,1,1,1,1,1,1,6,6,6,6,6],["c1ff4Cb0CRNTpMM0WEfIQMd",["node","audioClips"],3,1,3],["cc.AudioSource",["node"],3,1],["cc.SceneAsset",["_name","asyncLoadAssets"],1],["cc.Canvas",["_fitWidth","node","_designResolution"],2,1,5],["c69f8BpDG9CQYLTLMV//98I",["node","Game","Title","bestScore","Tap","soundButton","playButton","soundButtonOnSpriteFrame","soundButtonOffSpriteFrame","backgroundMusic","btnClick"],3,1,1,1,1,1,1,1,6,6,6,6],["cc.Scene",["_name","_active","_children","_anchorPoint","_trs"],1,2,5,7],["cc.Camera",["_clearFlags","_depth","node"],1,1],["cc.AudioClip",["_name","_native","duration"],0],["cc.TTFFont",["_name","_native"],1]],[[3,0,1,2],[5,0,2,3,4,2],[3,0,1,2,2],[0,0,9,11,7,6,8,10,2],[0,0,9,7,6,8,10,2],[9,1,0,2,3],[8,0,1,2,3,4,5,6,7,7],[23,0,1,2,4],[0,0,9,11,6,10,2],[13,0,1,2,3],[8,0,1,2,3,4,5,6,7,8,7],[10,0,2],[0,0,9,11,7,6,8,2],[3,1,2,1],[9,0,2,2],[0,0,9,7,6,2],[0,0,9,7,6,12,8,10,2],[0,0,2,9,7,6,8,10,3],[4,0,3,4,5,8,6,7,2],[2,6,0,2,3,8,5],[2,0,1,5,2,3,8,9,6],[0,0,11,7,6,8,10,2],[0,0,3,9,7,6,8,3],[4,0,3,4,5,6,7,2],[5,1,0,2,3,3],[7,0,2,2],[7,1,0,2,3],[3,1,1],[6,0,1,2,3,4,5,6,2],[6,0,1,2,3,4,5,6,7,8,2],[2,0,4,1,8,4],[0,0,2,7,6,8,10,3],[0,0,7,6,2],[0,0,1,11,6,10,3],[0,0,11,6,2],[0,0,1,9,11,6,8,10,3],[0,0,1,9,7,6,12,8,10,3],[0,0,9,7,6,12,8,2],[0,0,9,7,6,8,10,14,2],[0,0,9,7,6,8,13,2],[4,0,1,2,3,4,5,8,6,7,4],[11,0,1,2,3,1],[12,0,1,2,3,4,5,6,7,8,9,10,11,12,13,14,15,16,17,18,19,20,21,22,23,16],[2,0,7,4,1,5,2,3,8,8],[14,0,1,2,3,4,5,6,1],[15,0,1,2,3,4,5,6,7,8,9,10,11,12,13,14,1],[16,0,1,1],[17,0,1],[0,0,1,11,6,8,3],[0,0,11,7,6,8,2],[0,0,4,11,7,8,10,3],[0,0,9,11,7,6,12,8,10,2],[0,0,3,9,7,6,8,13,10,3],[0,0,9,7,2],[0,0,5,7,6,8,10,3],[5,1,0,2,3,4,3],[6,1,2,1],[2,0,8,2],[18,0,1,3],[19,0,1,2,2],[20,0,1,2,3,4,5,6,7,8,9,10,1],[21,0,1,2,3,4,3],[22,0,1,2,3],[24,0,1,3]],[[[[11,"BluePlayBall"],[31,"BluePlayBall",2,[[1,0,-2,[0],1],[25,100,-3],[41,-4,[0,0,0],2,3]],[13,-1,0],[5,200,200],[0,200,0,0,0,0,1,1,1,1]]],0,[0,2,1,0,0,1,0,0,1,0,0,1,0,6,1,4],[0,0,0,0],[-1,1,14,15],[0,6,12,27]],[[{"name":"RedBall","rect":[183,185,636,627],"offset":[1,1.5],"originalSize":[1000,1000],"capInsets":[0,0,0,0]}],[1],0,[0],[4],[28]],[[[11,"BlueParticle"],[32,"BlueParticle",[[42,1,true,7,0.1,40000000,1,360,360,30,5,10,800,300,0,600,-2,[0],[4,4294967295],[4,4294967295],[4,4294967295],[4,4294967295],[0,10,10],[0,0,-100],1]],[13,-1,0]]],0,[0,2,1,0,0,1,0,6,1,2],[0,0],[-1,1],[0,6]],[[[11,"RedPlayerBall"],[31,"RedPlayerBall",2,[[1,0,-2,[0],1],[26,1,100,-3],[41,-4,[0,0,0],2,3]],[13,-1,0],[5,200,200],[0,-200,0,0,0,0,1,1,1,1]]],0,[0,2,1,0,0,1,0,0,1,0,0,1,0,6,1,4],[0,0,0,0],[-1,1,14,15],[0,7,12,29]],[[[11,"Game"],[33,"Game",false,[-2,-3,-4],[13,-1,0],[-720,-1280,0,0,0,0,1,1,1,1]],[34,"UI",[-5,-6,-7,-8,-9,-10],[2,"dcqt5FBwpCX5fn5KNuZz+A",1,0]],[8,"LevelProgress",2,[-11,-12,-13,-14,-15],[2,"44aNMu4XFE7IjlflesT0lB",1,0],[0,1029.088,0,0,0,0,1,1,1,1]],[12,"ProgressDot",3,[-18],[[1,0,-17,[12],13]],[0,"1335TlOd9J9JzaakLY5f/B",-16],[5,60,60]],[3,"ProgressDot",3,[-21],[[1,0,-20,[16],17]],[0,"402bdHfm9BM6JP0YUl+ub+",-19],[5,60,60],[120,0,0,0,0,0,1,1,1,1]],[3,"ProgressDot",3,[-24],[[1,0,-23,[20],21]],[0,"78CLFF6MZMsKvm56gmY0m7",-22],[5,60,60],[240,0,0,0,0,0,1,1,1,1]],[3,"ProgressDot",3,[-27],[[1,0,-26,[24],25]],[0,"27X77dVoRHIZNcQ583hqGe",-25],[5,60,60],[-120,0,0,0,0,0,1,1,1,1]],[3,"ProgressDot",3,[-30],[[1,0,-29,[28],29]],[0,"6cOvuyqgxE6J9pLSuRtdMF",-28],[5,60,60],[-240,0,0,0,0,0,1,1,1,1]],[3,"SoundButton",2,[-36],[[28,2,-33,[[9,"ba534Gm/7pAVLXYkKhfWoX4","onClickSoundButton",-32]],[4,4293322470],[4,4291348680],[4,3363338360],-31],[30,33,-635.4259999999999,-1189.618,-34],[1,0,-35,[31],32]],[2,"60ICr8eFhE2b04wr45DYtM",1,0],[5,150,150],[560.4259999999999,1114.618,0,0,0,0,1,1,1,1]],[21,"Result Label",[-39,-40,-41],[[10,"SCORE",100,300,false,1,1,-37,[44],45],[5,false,10,-38]],[2,"72k7GUzIJDAarXl0FNIDzG",1,0],[5,220.4,378],[0,637.102,0,0,0,0,1,1.5,1.5,1]],[35,"Gameover",false,1,[-42,10,-43],[2,"e5qqYaBUNMr5iKeRQoHTJU",1,0],[5,1440,2560],[720,1280,0,0,0,0,1,1,1,1]],[12,"Center",2,[-45,-46],[[1,0,-44,[8],9]],[2,"d2mm5eNZ5Oi5pk05zu2VSn",1,0],[5,50,50]],[3,"GameController",1,[-51,-52],[[44,-50,-49,-48,12,[[[0,0,1720],[0,0,-1720]],8,8],[59,60],-47]],[2,"54YqIISFNKu6ZAHTGyy5KE",1,0],[5,1400,2300],[720,1156.849,0,0,0,0,1,1,1,1]],[15,"UIController",13,[[45,-59,-58,[8,7,4,5,6],-57,-56,-55,9,-54,-53,11,47,48,49,50,51]],[2,"43E5oo6HpDaIWhr5SZG+Ql",1,0]],[8,"Gameplay",1,[-60,2],[2,"5dkKrlpCRDn7ynJOdaQxWl",1,0],[720,1280,0,0,0,0,1,1,1,1]],[17,"BluePlayBall",1,12,[[1,0,-61,[4],5],[25,100,-62]],[2,"b3e7+4/1tEgpgrn/i4Na5a",1,0],[5,200,200],[0,150,0,0,0,0,1,1,1,1]],[17,"RedPlayerBall",1,12,[[1,0,-63,[6],7],[26,1,100,-64]],[2,"2aSQdCPMlNi6qELVHTJR5r",1,0],[5,200,200],[0,-150,0,0,0,0,1,1,1,1]],[22,"Background",512,9,[[24,1,0,-65,[30]],[19,0,45,100,40,-66]],[2,"c02jd8fE5N2YqSTPb9Lfg0",1,0],[5,150,150]],[36,"New Best Label",false,10,[[10,"NEW BEST!",150,300,false,1,1,-67,[42],43],[14,6,-68]],[2,"e8XrdZ0exJzIXXyayREkOU",1,0],[4,4291316479],[5,570.15,390],[0,151.813,0,0,0,0,1,1,1,1]],[23,"Score",2,[[-69,[5,false,10,-70]],1,4],[2,"05GNPkR1FKYoT2fuhEo932",1,0],[5,48,126],[0,1161.439,0,0,0,0,1,1.5,1.5,1.5]],[37,"Background",15,[[1,0,-71,[0],1],[43,45,-720,-720,-1279.9999999999998,-1280,2,2,-72]],[2,"19QbGzhpZKho/U4+Jh/+/a",1,0],[4,4280820253],[5,1440,2560]],[40,"LevelUpLabel",false,220,2,[[-73,[14,10,-74]],1,4],[2,"c8RkDTeElBcaWO76T2reFL",1,0],[4,4283092223],[5,349.6,398],[0,0,0,0,0,0,1,1.5,1.5,1]],[18,"Best Score",10,[[-75,[5,false,10,-76]],1,4],[2,"98VZB0XUxKG5sp+eLp2htC",1,0],[4,4284867797],[5,331.63,378],[0,-345.85,0,0,0,0,1,1,1,1]],[16,"Background",11,[[1,0,-77,[35],36],[20,45,-0.10000000000011369,0.10000000000011369,2,2,-78,11]],[2,"basJeLmYlIyrXq7SVo3HA5",1,0],[4,4280820253],[5,1440,2560],[0,0.10000000000013642,0,0,0,0,1,1,1,1]],[8,"Replay Button",11,[-79],[2,"c2podIeVxOMrTAR189hT1d",1,0],[8.371,-282.911,0,0,0,0,1,1,1,1]],[12,"Button",25,[-82],[[29,2,-81,[[9,"ba534Gm/7pAVLXYkKhfWoX4","onReplayButtonClick",14]],[4,4293322470],[4,4291348680],[4,3363338360],-80,39,40]],[2,"3amPoW1/hGgKO9KbdZlAj7",1,0],[5,400,400]],[38,"Sprite",26,[[1,0,-83,[37],38]],[2,"faHSS4079EuKkJYvv4uv04",1,0],[5,400,400],[0,0,0,0,0,-0.25881904510252074,0.9659258262890683,1,1,1],[1,0,0,-30]],[18,"Current Score",10,[[-84,[5,false,10,-85]],1,4],[2,"49hzwzXwhKPLyJEeKvsXnc",1,0],[4,4293310032],[5,96,378],[0,-162.772,0,0,0,0,1,1,1,1]],[15,"SoundController",13,[[46,-86,[52,53,54,55,56,57,58]],[47,-87]],[2,"89N94Gd9pL3aGSxISI1MGM",1,0]],[6,"0",100,100,false,1,1,20,[34]],[39,"White Circle",2,[[1,0,-88,[2],3]],[2,"cckgjETzFO/pScbCXk1fzA",1,0],[5,400,400],[0,0.48,0.55]],[4,"Outline",4,[[1,0,-89,[10],11]],[0,"eeW4sweWFKoJVNc3N3Njmn",4],[5,70,70],[2,-2,0,0,0,0,1,1,1,1]],[4,"Outline",5,[[1,0,-90,[14],15]],[0,"a2+FamY1pB6LgShiacsffA",5],[5,70,70],[2,-2,0,0,0,0,1,1,1,1]],[4,"Outline",6,[[1,0,-91,[18],19]],[0,"e0qe8q1i5N8p/XWIf3+lk6",6],[5,70,70],[2,-2,0,0,0,0,1,1,1,1]],[4,"Outline",7,[[1,0,-92,[22],23]],[0,"3bCxK7nwFK9qBs36FlT2Xg",7],[5,70,70],[2,-2,0,0,0,0,1,1,1,1]],[4,"Outline",8,[[1,0,-93,[26],27]],[0,"4eEbuh17lPH5Y2VfJZDJhC",8],[5,70,70],[2,-2,0,0,0,0,1,1,1,1]],[6,"Level Up!",100,300,false,1,1,22,[33]],[6,"BEST: 0",130,300,false,1,1,23,[46]],[6,"0",200,300,false,1,1,28,[41]]],0,[0,2,1,0,-1,13,0,-2,15,0,-3,11,0,-1,31,0,-2,12,0,-3,20,0,-4,3,0,-5,9,0,-6,22,0,-1,4,0,-2,5,0,-3,6,0,-4,7,0,-5,8,0,2,4,0,0,4,0,-1,32,0,2,5,0,0,5,0,-1,33,0,2,6,0,0,6,0,-1,34,0,2,7,0,0,7,0,-1,35,0,2,8,0,0,8,0,-1,36,0,7,18,0,8,14,0,0,9,0,0,9,0,0,9,0,-1,18,0,0,10,0,0,10,0,-1,28,0,-2,23,0,-3,19,0,-1,24,0,-3,25,0,0,12,0,-1,16,0,-2,17,0,16,37,0,17,16,0,18,17,0,0,13,0,-1,14,0,-2,29,0,19,15,0,20,25,0,21,19,0,22,39,0,9,38,0,23,30,0,0,14,0,-1,21,0,0,16,0,0,16,0,0,17,0,0,17,0,0,18,0,0,18,0,0,19,0,0,19,0,-1,30,0,0,20,0,0,21,0,0,21,0,-1,37,0,0,22,0,-1,38,0,0,23,0,0,24,0,0,24,0,-1,26,0,7,27,0,0,26,0,-1,27,0,0,27,0,-1,39,0,0,28,0,0,29,0,0,29,0,0,31,0,0,32,0,0,33,0,0,34,0,0,35,0,0,36,0,6,1,2,5,15,10,5,11,93],[0,0,0,0,0,0,0,0,0,0,0,0,0,0,0,0,0,0,0,0,0,0,0,0,0,0,0,0,0,0,0,0,0,0,0,0,0,0,0,0,0,0,0,0,0,0,0,0,0,0,0,0,0,0,0,0,0,0,0,0,0,37,30,39,38],[-1,1,-1,1,-1,1,-1,1,-1,1,-1,1,-1,1,-1,1,-1,1,-1,1,-1,1,-1,1,-1,1,-1,1,-1,1,-1,-1,1,-1,-1,-1,1,-1,1,10,11,-1,-1,3,-1,3,-1,12,13,24,25,26,-1,-2,-3,-4,-5,-6,-7,-1,-2,3,3,3,3],[0,4,0,9,0,6,0,7,0,13,0,2,0,3,0,2,0,3,0,2,0,3,0,2,0,3,0,2,0,3,0,0,5,0,0,0,4,0,8,8,14,0,0,1,0,1,0,5,10,15,16,17,11,18,19,20,21,22,23,24,25,1,1,1,1]],[[[58,"GameScene",null],[33,"Game",false,[-2,-3,-4],[27,-1],[-720,-1280,0,0,0,0,1,1,1,1]],[48,"Pregame",false,[-6,-7,-8,-9,-10,-11],[27,-5],[5,1440,2560]],[49,"Tap",[-15,-16],[[56,-14,[[9,"c69f8BpDG9CQYLTLMV//98I","onFirstTap",-13]]]],[27,-12],[5,1440,2560]],[50,"Canvas","43F1nIQYBN6KvF8Ag/y6eN",[-19,3,2,1],[[59,true,-17,[5,1440,2560]],[57,45,-18]],[5,1440,2560],[720,1280,0,0,0,0,1,1,1,1]],[34,"UI",[-20,-21,-22,-23,-24,-25],[0,"dcqt5FBwpCX5fn5KNuZz+A",1]],[3,"SoundButton",2,[-31],[[28,2,-28,[[9,"c69f8BpDG9CQYLTLMV//98I","onClickSoundButton",-27]],[4,4293322470],[4,4291348680],[4,3363338360],-26],[30,33,37.71100000000001,35.708000000000084,-29],[1,0,-30,[18],19]],[0,"2evnEgnFdKNbkH/oGvG1/j",2],[5,150,150],[607.289,1169.292,0,0,0,0,1,1,1,1]],[8,"LevelProgress",5,[-32,-33,-34,-35,-36],[0,"44aNMu4XFE7IjlflesT0lB",1],[0,1029.088,0,0,0,0,1,1,1,1]],[12,"ProgressDot",7,[-39],[[1,0,-38,[32],33]],[0,"1335TlOd9J9JzaakLY5f/B",-37],[5,60,60]],[3,"ProgressDot",7,[-42],[[1,0,-41,[36],37]],[0,"402bdHfm9BM6JP0YUl+ub+",-40],[5,60,60],[120,0,0,0,0,0,1,1,1,1]],[3,"ProgressDot",7,[-45],[[1,0,-44,[40],41]],[0,"78CLFF6MZMsKvm56gmY0m7",-43],[5,60,60],[240,0,0,0,0,0,1,1,1,1]],[3,"ProgressDot",7,[-48],[[1,0,-47,[44],45]],[0,"27X77dVoRHIZNcQ583hqGe",-46],[5,60,60],[-120,0,0,0,0,0,1,1,1,1]],[3,"ProgressDot",7,[-51],[[1,0,-50,[48],49]],[0,"6cOvuyqgxE6J9pLSuRtdMF",-49],[5,60,60],[-240,0,0,0,0,0,1,1,1,1]],[3,"SoundButton",5,[-57],[[28,2,-54,[[9,"ba534Gm/7pAVLXYkKhfWoX4","onClickSoundButton",-53]],[4,4293322470],[4,4291348680],[4,3363338360],-52],[30,33,-635.4259999999999,-1189.618,-55],[1,0,-56,[51],52]],[0,"60ICr8eFhE2b04wr45DYtM",1],[5,150,150],[560.4259999999999,1114.618,0,0,0,0,1,1,1,1]],[21,"Result Label",[-60,-61,-62],[[10,"SCORE",100,300,false,1,1,-58,[64],65],[5,false,10,-59]],[0,"72k7GUzIJDAarXl0FNIDzG",1],[5,220.4,378],[0,637.102,0,0,0,0,1,1.5,1.5,1]],[35,"Gameover",false,1,[-63,14,-64],[0,"e5qqYaBUNMr5iKeRQoHTJU",1],[5,1440,2560],[720,1280,0,0,0,0,1,1,1,1]],[15,"MenuController",2,[[60,-68,1,-67,-66,3,6,-65,81,82,83,84]],[0,"0fvgTiyd1KFZ/Qz6vyL9nq",2]],[51,"Title",2,[-71],[[10,"DOT",500,300,false,1,1,-69,[8],9],[14,10,-70]],[0,"7c3IKDvitNqaCjAyfaZXWV",2],[4,4283082751],[5,705,398],[0,711.427,0,0,0,0,1,1.5,1.5,1]],[12,"Center",5,[-73,-74],[[1,0,-72,[28],29]],[0,"d2mm5eNZ5Oi5pk05zu2VSn",1],[5,50,50]],[21,"Button",[-77],[[29,2,-76,[[9,"c69f8BpDG9CQYLTLMV//98I","onPlayButtonClick",16]],[4,4293322470],[4,4291348680],[4,3363338360],-75,13,14]],[0,"deA603y0hJFL1Ywx2ESpxX",2],[5,400,400],[-10,0,0,0,0,0,1,1,1,1]],[52,"Background",512,19,[[55,1,0,-78,[11],12],[19,0,45,100,40,-79]],[0,"83OOHjT4ZEhYo+k/mM/a96",2],[5,400,400],[0,0,0.5],[-200,0,0,0,0,0,1,1,1,1]],[22,"Background",512,6,[[24,1,0,-80,[17]],[19,0,45,100,40,-81]],[0,"35ppCS+g9OEIxLTDPN0FZT",2],[5,150,150]],[3,"GameController",1,[-86,-87],[[44,-85,-84,-83,18,[[[0,0,1720],[0,0,-1720]],8,8],[79,80],-82]],[0,"54YqIISFNKu6ZAHTGyy5KE",1],[5,1400,2300],[720,1156.849,0,0,0,0,1,1,1,1]],[15,"UIController",22,[[45,-94,-93,[12,11,8,9,10],-92,-91,-90,13,-89,-88,15,67,68,69,70,71]],[0,"f6S+0orWJDAqDgouk61TmY",1]],[8,"Gameplay",1,[-95,5],[0,"5dkKrlpCRDn7ynJOdaQxWl",1],[720,1280,0,0,0,0,1,1,1,1]],[17,"BluePlayBall",1,18,[[1,0,-96,[24],25],[25,100,-97]],[0,"b3e7+4/1tEgpgrn/i4Na5a",1],[5,200,200],[0,150,0,0,0,0,1,1,1,1]],[17,"RedPlayerBall",1,18,[[1,0,-98,[26],27],[26,1,100,-99]],[0,"2aSQdCPMlNi6qELVHTJR5r",1],[5,200,200],[0,-150,0,0,0,0,1,1,1,1]],[22,"Background",512,13,[[24,1,0,-100,[50]],[19,0,45,100,40,-101]],[0,"c02jd8fE5N2YqSTPb9Lfg0",1],[5,150,150]],[36,"New Best Label",false,14,[[10,"NEW BEST!",150,300,false,1,1,-102,[62],63],[14,6,-103]],[0,"e8XrdZ0exJzIXXyayREkOU",1],[4,4291316479],[5,570.15,390],[0,151.813,0,0,0,0,1,1,1,1]],[16,"Background",3,[[1,0,-104,[0],1],[20,45,-0.10000000000011369,0.10000000000011369,2,2,-105,3]],[0,"a1ptuNOpJK6aFGAjyEtFHK",3],[4,4280820253],[5,1440,2560],[0,0.10000000000013642,0,0,0,0,1,1,1,1]],[4,"Title",3,[[10,"TAP TO CONTINUE",80,100,false,1,1,-106,[2],3],[5,false,10,-107]],[0,"7c3IKDvitNqaCjAyfaZXWV",3],[5,476.72,126],[0,0,0,0,0,0,1,1.5,1.5,1]],[16,"Background",2,[[1,0,-108,[4],5],[20,45,-0.10000000000011369,0.10000000000011369,2,2,-109,2]],[0,"a1ptuNOpJK6aFGAjyEtFHK",2],[4,4280820253],[5,1440,2560],[0,0.10000000000013642,0,0,0,0,1,1,1,1]],[16,"Rush",17,[[10,"Rush",200,150,false,1,1,-110,[6],7],[14,10,-111]],[0,"54lFaA77BD2JaYJpL+Lhuy",2],[4,4294920806],[5,383,209],[0,-313.469,0,0,0,0,1,1,1,1]],[23,"Best Score",2,[[-112,[5,false,10,-113]],1,4],[0,"f8r6KuvyFKVbUK8s+yJQ1o",2],[5,255.1,126],[0,-950,0,0,0,0,1,1.5,1.5,1]],[8,"Play Button",2,[19,-114],[0,"04kHqCgPtG6q59ziUHlMCn",2],[0,-425.056,0,0,0,0,1,1,1,1]],[23,"Score",5,[[-115,[5,false,10,-116]],1,4],[0,"05GNPkR1FKYoT2fuhEo932",1],[5,48,126],[0,1161.439,0,0,0,0,1,1.5,1.5,1.5]],[37,"Background",24,[[1,0,-117,[20],21],[43,45,-720,-720,-1279.9999999999998,-1280,2,2,-118]],[0,"19QbGzhpZKho/U4+Jh/+/a",1],[4,4280820253],[5,1440,2560]],[40,"LevelUpLabel",false,220,5,[[-119,[14,10,-120]],1,4],[0,"c8RkDTeElBcaWO76T2reFL",1],[4,4283092223],[5,349.6,398],[0,0,0,0,0,0,1,1.5,1.5,1]],[18,"Best Score",14,[[-121,[5,false,10,-122]],1,4],[0,"98VZB0XUxKG5sp+eLp2htC",1],[4,4284867797],[5,331.63,378],[0,-345.85,0,0,0,0,1,1,1,1]],[16,"Background",15,[[1,0,-123,[55],56],[20,45,-0.10000000000011369,0.10000000000011369,2,2,-124,15]],[0,"basJeLmYlIyrXq7SVo3HA5",1],[4,4280820253],[5,1440,2560],[0,0.10000000000013642,0,0,0,0,1,1,1,1]],[8,"Replay Button",15,[-125],[0,"c2podIeVxOMrTAR189hT1d",1],[8.371,-282.911,0,0,0,0,1,1,1,1]],[12,"Button",40,[-128],[[29,2,-127,[[9,"ba534Gm/7pAVLXYkKhfWoX4","onReplayButtonClick",23]],[4,4293322470],[4,4291348680],[4,3363338360],-126,59,60]],[0,"3amPoW1/hGgKO9KbdZlAj7",1],[5,400,400]],[38,"Sprite",41,[[1,0,-129,[57],58]],[0,"faHSS4079EuKkJYvv4uv04",1],[5,400,400],[0,0,0,0,0,-0.25881904510252074,0.9659258262890683,1,1,1],[1,0,0,-30]],[18,"Current Score",14,[[-130,[5,false,10,-131]],1,4],[0,"49hzwzXwhKPLyJEeKvsXnc",1],[4,4293310032],[5,96,378],[0,-162.772,0,0,0,0,1,1,1,1]],[15,"SoundController",22,[[46,-132,[72,73,74,75,76,77,78]],[47,-133]],[0,"89N94Gd9pL3aGSxISI1MGM",1]],[61,"New Node",false,[4],[0,0,0],[0,0,0,0,0,0,1,1,1,1]],[53,"Main Camera",4,[[62,7,-1,-134]]],[6,"BEST: 0",100,100,false,1,1,33,[10]],[4,"White Circle",34,[[1,0,-135,[15],16]],[0,"ae8p7DNQpGm5cvqu8+CFbq",2],[5,800,800],[15.23,-29.227,0,0,0,0,1,1,1,1]],[6,"0",100,100,false,1,1,35,[54]],[39,"White Circle",5,[[1,0,-136,[22],23]],[0,"cckgjETzFO/pScbCXk1fzA",1],[5,400,400],[0,0.48,0.55]],[4,"Outline",8,[[1,0,-137,[30],31]],[0,"eeW4sweWFKoJVNc3N3Njmn",8],[5,70,70],[2,-2,0,0,0,0,1,1,1,1]],[4,"Outline",9,[[1,0,-138,[34],35]],[0,"a2+FamY1pB6LgShiacsffA",9],[5,70,70],[2,-2,0,0,0,0,1,1,1,1]],[4,"Outline",10,[[1,0,-139,[38],39]],[0,"e0qe8q1i5N8p/XWIf3+lk6",10],[5,70,70],[2,-2,0,0,0,0,1,1,1,1]],[4,"Outline",11,[[1,0,-140,[42],43]],[0,"3bCxK7nwFK9qBs36FlT2Xg",11],[5,70,70],[2,-2,0,0,0,0,1,1,1,1]],[4,"Outline",12,[[1,0,-141,[46],47]],[0,"4eEbuh17lPH5Y2VfJZDJhC",12],[5,70,70],[2,-2,0,0,0,0,1,1,1,1]],[6,"Level Up!",100,300,false,1,1,37,[53]],[6,"BEST: 0",130,300,false,1,1,38,[66]],[6,"0",200,300,false,1,1,43,[61]]],0,[0,2,1,0,-1,22,0,-2,24,0,-3,15,0,2,2,0,-1,31,0,-2,17,0,-3,33,0,-4,34,0,-5,6,0,-6,16,0,2,3,0,8,16,0,0,3,0,-1,29,0,-2,30,0,0,4,0,0,4,0,-1,46,0,-1,50,0,-2,18,0,-3,35,0,-4,7,0,-5,13,0,-6,37,0,7,21,0,8,16,0,0,6,0,0,6,0,0,6,0,-1,21,0,-1,8,0,-2,9,0,-3,10,0,-4,11,0,-5,12,0,2,8,0,0,8,0,-1,51,0,2,9,0,0,9,0,-1,52,0,2,10,0,0,10,0,-1,53,0,2,11,0,0,11,0,-1,54,0,2,12,0,0,12,0,-1,55,0,7,27,0,8,23,0,0,13,0,0,13,0,0,13,0,-1,27,0,0,14,0,0,14,0,-1,43,0,-2,38,0,-3,28,0,-1,39,0,-3,40,0,27,19,0,9,47,0,28,17,0,0,16,0,0,17,0,0,17,0,-1,32,0,0,18,0,-1,25,0,-2,26,0,7,20,0,0,19,0,-1,20,0,0,20,0,0,20,0,0,21,0,0,21,0,16,56,0,17,25,0,18,26,0,0,22,0,-1,23,0,-2,44,0,19,24,0,20,40,0,21,28,0,22,58,0,9,57,0,23,49,0,0,23,0,-1,36,0,0,25,0,0,25,0,0,26,0,0,26,0,0,27,0,0,27,0,0,28,0,0,28,0,0,29,0,0,29,0,0,30,0,0,30,0,0,31,0,0,31,0,0,32,0,0,32,0,-1,47,0,0,33,0,-2,48,0,-1,49,0,0,35,0,0,36,0,0,36,0,-1,56,0,0,37,0,-1,57,0,0,38,0,0,39,0,0,39,0,-1,41,0,7,42,0,0,41,0,-1,42,0,0,42,0,-1,58,0,0,43,0,0,44,0,0,44,0,0,46,0,0,48,0,0,50,0,0,51,0,0,52,0,0,53,0,0,54,0,0,55,0,29,45,1,5,4,2,5,4,3,5,4,4,5,45,5,5,24,14,5,15,19,5,34,141],[0,0,0,0,0,0,0,0,0,0,0,0,0,0,0,0,0,0,0,0,0,0,0,0,0,0,0,0,0,0,0,0,0,0,0,0,0,0,0,0,0,0,0,0,0,0,0,0,0,0,0,0,0,0,0,0,0,0,0,0,0,0,0,0,0,0,0,0,0,0,0,0,0,0,0,0,0,0,0,0,0,0,0,0,0,47,56,49,58,57],[-1,1,-1,3,-1,1,-1,3,-1,3,-1,-1,1,10,11,-1,1,-1,-1,1,-1,1,-1,1,-1,1,-1,1,-1,1,-1,1,-1,1,-1,1,-1,1,-1,1,-1,1,-1,1,-1,1,-1,1,-1,1,-1,-1,1,-1,-1,-1,1,-1,1,10,11,-1,-1,3,-1,3,-1,12,13,24,25,26,-1,-2,-3,-4,-5,-6,-7,-1,-2,12,13,30,31,3,3,3,3,3],[0,4,0,1,0,4,0,1,0,1,0,0,26,26,30,0,9,0,0,5,0,4,0,9,0,6,0,7,0,13,0,2,0,3,0,2,0,3,0,2,0,3,0,2,0,3,0,2,0,3,0,0,5,0,0,0,4,0,8,8,14,0,0,1,0,1,0,5,10,15,16,17,11,18,19,20,21,22,23,24,25,5,10,31,11,1,1,1,1,1]],[[{"name":"24234","rect":[11,11,38,38],"offset":[0,0],"originalSize":[60,60],"capInsets":[0,0,0,0]}],[1],0,[0],[4],[32]],[[{"name":"PlayButton","rect":[1,1,1334,1334],"offset":[0.5,-0.5],"originalSize":[1335,1335],"capInsets":[0,0,0,0]}],[1],0,[0],[4],[33]],[[[7,"defeat",".mp3",1.44],-1],0,0,[],[],[]],[[{"name":"WhiteBall","rect":[0,0,2000,2000],"offset":[0,0],"originalSize":[2000,2000],"capInsets":[0,0,0,0]}],[1],0,[0],[4],[34]],[[{"name":"White Circle","rect":[1,1,1676,1677],"offset":[0.5,-0.5],"originalSize":[1677,1678],"capInsets":[0,0,0,0]}],[1],0,[0],[4],[35]],[[{"name":"LevelOn","rect":[93,93,314,314],"offset":[0,0],"originalSize":[500,500],"capInsets":[0,0,0,0]}],[1],0,[0],[4],[36]],[[[7,"btnclick",".mp3",0.432],-1],0,0,[],[],[]],[[[7,"music",".mp3",67.584],-1],0,0,[],[],[]],[[{"name":"ReplayButtonHover","rect":[0,0,2000,2000],"offset":[0,0],"originalSize":[2000,2000],"capInsets":[0,0,0,0]}],[1],0,[0],[4],[37]],[[[7,"fire2",".mp3",0.192],-1],0,0,[],[],[]],[[[63,"ImpactLTStd","ImpactLTStd.ttf"],-1],0,0,[],[],[]],[[[7,"hit2",".mp3",0.624],-1],0,0,[],[],[]],[[{"name":"SoundOff","rect":[0,0,512,512],"offset":[0,0],"originalSize":[512,512],"capInsets":[0,0,0,0]}],[1],0,[0],[4],[38]],[[[7,"fire1",".mp3",0.504],-1],0,0,[],[],[]],[[[11,"RingEffect"],[54,"RingEffect",200,[[1,0,-2,[0],1]],[13,-1,0],[5,300,300],[-1375,1172,0,0,0,0,1,1,1,1]]],0,[0,2,1,0,0,1,0,6,1,2],[0,0],[-1,1],[0,2]],[[{"name":"default_sprite_splash","rect":[0,0,2,2],"offset":[0,0],"originalSize":[2,2],"capInsets":[0,0,0,0]}],[1],0,[0],[4],[39]],[[{"name":"PlayButtonHover","rect":[1,1,1334,1334],"offset":[0.5,-0.5],"originalSize":[1335,1335],"capInsets":[0,0,0,0]}],[1],0,[0],[4],[40]],[[[7,"level",".mp3",0.264],-1],0,0,[],[],[]],[[{"name":"ReplayButton","rect":[0,0,2000,2000],"offset":[0,0],"originalSize":[2000,2000],"capInsets":[0,0,0,0]}],[1],0,[0],[4],[41]],[[{"name":"RingEffect","rect":[0,0,112,110],"offset":[0,1],"originalSize":[112,112],"capInsets":[0,0,0,0]}],[1],0,[0],[4],[42]],[[{"name":"SoundOn","rect":[24,1,465,510],"offset":[0.5,0],"originalSize":[512,512],"capInsets":[0,0,0,0]}],[1],0,[0],[4],[43]],[[[7,"hit1",".mp3",0.648],-1],0,0,[],[],[]],[[[11,"RedParticle"],[32,"RedParticle",[[42,1,true,7,0.1,-1,1,360,360,30,5,10,800,300,0,600,-2,[0],[4,4294967295],[4,4294967295],[4,4294967295],[4,4294967295],[0,10,10],[0,0,-100],1]],[13,-1,0]]],0,[0,2,1,0,0,1,0,6,1,2],[0,0],[-1,1],[0,7]],[[{"name":"LevelOff","rect":[93,93,314,314],"offset":[0,0],"originalSize":[500,500],"capInsets":[0,0,0,0]}],[1],0,[0],[4],[44]],[[{"name":"BlueBall","rect":[0,0,2000,2000],"offset":[0,0],"originalSize":[2000,2000],"capInsets":[0,0,0,0]}],[1],0,[0],[4],[45]]]]