{"paths":{},"types":[],"uuids":["09Kutrzz1FP6+JikVdTc2K","23+yyenP5DYI3JsXqGNOw1","26jktMrn1L4qVbjuUHAV3f","28GPOo0YtFP6ZoppWgApV4","30n1QrePpD7ZzSXhHfcMlt","43pqspwUxBs53m9sKBHkYY","5a0rZCaZFLK7EeQq++dgbc","5chLQMG7xAtZtm6d7FVQoK","655+snFZ9JZqJ4gN82AntC","66vCQwdnVLr5Ei3US7CT0A","71FGXmmmlGcIlaLXiquesQ","77tGpBu/lHkKjnnKq2Y3z1","7c8emnuylNg651/QfrPRO3","91UgGVtORFSp2lxfuxuXGm","94dYF+hVxKGopRmUQAOHHg","98wlTzN/FHIYQ1YwuTcdr7","9doNDVN8xCyYuAisQZjW+v","9fHBITRXdL2IOiQR2V2aFO","a9Bzbiz8xEEo4T45x4CVMW","bfBoycqA5GNY5ueHwnp7uK","da/lI4w4JOaJituO4KkL+/","dcpD7huzZFEIi/D5Ns8hn7","f0YAKq5VdPcaenWHES+zkd","f0uuRk9BdGG6OWt/lEPfy8","02delMVqdBD70a/HSD99FK","07mPUgWFxPeoCRcYjLLlbD","0eezmuoS9OWLkMskPIHGA3","10vHQ0MUVClKVPLfmhlOMJ","143rF6x39N+bloPDrze4Bu","153/lD1QpB3rDs/TjyGuKF","28yNn0dexFyLQJnIyKm7iO","3aYRvtIQFO54/J0Jl47UWQ","4euPLb6uROmKG/lUafHHIx","56du35VexPcLA20oFX4a3O","5ev3H6ck5HEJhaNA+Asswu","74sAIbDbFLrKlpCXSQG+Rx","9b2x7BAWxEZpfRuEJBIsMw","a1JsZ64R5AapZdWLcMMg+t","a2MjXRFdtLlYQ5ouAFv/+R","a8AP+zcDNMpJxjUF097pWW","b4hrrG3stL37Ae2m3fIqgs","c4tnd3GLxH3ruPwwfk4smJ","ceokSb57hPyacdwaYGzTy0","dc58n/o+hPX7t2yhr26yGX","dddU4MQ05P9YcIN1F3+udg","ecpdLyjvZBwrvm+cedCcQy","f8mGuen8BKSKqqi955Zb8i"],"scenes":{"db://assets/GameScene.fire":3},"redirect":[24,0,45,0],"deps":["internal"],"packs":{"0d53aff99":[0,1,2,4,6,7,9,13,15,16,19,20,22,23],"0dbcf3a3a":[25,26,27,28,29,3,30,31,5,32,33,34,8,10,35,11,12,14,36,17,37,38,39,18,40,41,42,21,43,44,46]},"name":"main","importBase":"import","nativeBase":"native","debug":false,"isZip":false,"encrypted":false,"versions":{"import":["0d53aff99","1a978","0dbcf3a3a","3e7fa"],"native":[0,"2b4c1",1,"999bf",2,"b0c84",4,"10df4",5,"f28a8",6,"1694f",7,"9eadd",8,"e8ba1",9,"72305",10,"b9f81",11,"86eb9",12,"1dce2",13,"9a0ad",14,"1b85e",15,"4b4a6",16,"edad9",17,"1b5d8",18,"e031c",19,"48bf7",20,"d0d53",21,"08d7a",22,"9229b",23,"dc47a"]}}